Date,Open,High,Low,Close,Volume
12/31/2018,52.55,52.64,51.18,51.78,29874440
12/28/2018,52.48,52.78,51.66,51.85,28275440
12/27/2018,50.86,52.19,49.85,52.19,42195540
12/26/2018,49.45,52,49.15,51.97,47465400
12/24/2018,48.7,50.18,48.51,48.81,31806560
12/21/2018,50.77,51.2,48.68,48.98,91917820
12/20/2018,50.91,51.71,49.82,50.47,53469280
12/19/2018,51.7,53.1,50.4,51.15,49586760
12/18/2018,51.3,52.47,51.07,51.44,43850660
12/17/2018,51.88,52.66,50.4,50.83,47707280
12/14/2018,52.5,53.13,52.04,52.11,33732380
12/13/2018,53.4,53.99,52.7,53.1,26595360
12-12-2018,53.4,54.08,53.14,53.18,30476080
12-11-2018,52.82,53.03,51.99,52.59,27894620
12-10-2018,51.75,52.42,51.16,51.98,36154500
12-07-2018,53,53.76,51.43,51.83,42024120
12-06-2018,51.71,53.56,51.54,53.44,55384500
12-04-2018,55.16,55.22,52.5,52.54,46903320
12-03-2018,56.16,56.23,55.18,55.32,39815160
11/30/2018,54.45,54.78,53.89,54.72,51612240
11/29/2018,53.8,54.71,53.8,54.42,29377180
11/28/2018,52.44,54.34,51.79,54.31,49508380
11/27/2018,52.05,52.88,51.92,52.22,36063280
11/26/2018,51.92,52.47,51.7,52.43,38856440
11/23/2018,51.5,51.88,51.12,51.19,13829240
11/21/2018,51.84,52.43,51.67,51.88,30685480
11/20/2018,50,51.59,49.8,51.29,48982600
11/19/2018,52.86,53.04,50.81,51,37172280
11/16/2018,52.97,53.35,52.45,53.07,33162320
11/15/2018,52.24,53.59,51.59,53.24,36721680
11/14/2018,52.5,52.73,51.55,52.18,31318900
11/13/2018,52.16,52.83,51.56,51.8,30274040
11-12-2018,53.07,53.11,51.55,51.93,29435160
11-09-2018,53.7,53.78,52.66,53.31,26866260
11-08-2018,54.57,54.66,53.61,54.12,29763640
11-07-2018,53.45,54.77,53.3,54.67,41167120
11-06-2018,51.97,53.22,51.9,52.79,24666120
11-05-2018,52.75,52.92,51.06,52,48828600
11-02-2018,53.69,54.15,52.73,52.89,36780860
11-01-2018,53.79,54.2,53.12,53.5,29639580
10/31/2018,52.99,54.6,52.85,53.84,50595360
10/30/2018,50.42,51.87,50.04,51.81,64253140
10/29/2018,54.12,54.85,49.79,51,77614460
10/26/2018,51.85,55.33,51.7,53.57,83751720
10/25/2018,53.59,55.55,53.48,54.78,50916780
10/24/2018,55.21,55.31,52.44,52.54,39648600
10/23/2018,54.04,55.39,53.5,55.18,36973080
10/22/2018,55.15,55.61,54.55,55.06,30284400
10/19/2018,54.67,55.52,54.39,54.82,25352980
10/18/2018,56.09,56.09,53.85,54.4,41890480
10/17/2018,56.32,56.45,55.11,55.78,29344520
10/16/2018,55.23,56.21,55.13,56.06,38570800
10/15/2018,55.45,55.67,54.45,54.61,27447860
10-12-2018,55.4,55.75,54.32,55.5,42026060
10-11-2018,53.65,55.32,53.41,53.97,59002400
10-10-2018,56.55,56.61,54.06,54.06,53514840
10-09-2018,57.31,57.72,56.88,56.94,26175280
10-08-2018,57.51,58.4,56.37,57.45,38647100
10-05-2018,58.38,58.68,57.26,57.87,23689040
10-04-2018,59.77,59.88,57.78,58.41,44189800
10-03-2018,60.25,60.32,59.69,60.15,25124280
10-02-2018,59.55,60.5,59.33,60.01,33758280
10-01-2018,59.99,60.5,59.52,59.77,27152080
09/28/2018,59.59,59.77,59.23,59.67,27612580
09/27/2018,59.34,60.11,59.18,59.73,25215080
09/26/2018,59.26,59.71,58.74,59.02,29245060
09/25/2018,58.81,59.34,58.4,59.23,19554620
09/24/2018,57.86,58.9,57.35,58.67,25420340
09/21/2018,59.6,59.61,58.3,58.3,88111680
09/20/2018,59,59.49,58.67,59.34,24507740
09/19/2018,58.25,58.66,57.73,58.55,23827720
09/18/2018,57.85,58.8,57.85,58.06,24073720
09/17/2018,58.51,58.86,57.7,57.8,26130440
09/14/2018,58.96,59.02,58.42,58.63,18879560
09/13/2018,58.54,58.93,58.14,58.77,28624280
09-12-2018,58.64,58.93,57.92,58.14,25909440
09-11-2018,58.08,58.93,57.81,58.87,24191300
09-10-2018,58.61,58.73,58.01,58.23,22315920
09-07-2018,57.93,58.76,57.86,58.24,28028080
09-06-2018,59.32,59.32,57.6,58.57,37769340
09-05-2018,59.69,59.95,58.1,59.32,41226180
09-04-2018,60.21,60.65,59.63,59.85,36620900
08/31/2018,61.75,61.93,60.56,60.91,36328520
08/30/2018,62.21,62.68,61.63,61.96,26628780
08/29/2018,61.87,62.53,61.82,62.47,26186240
08/28/2018,62.06,62.13,61.43,61.56,26080140
08/27/2018,61.38,62.15,61.29,62.09,23125100
08/24/2018,60.44,61.08,60.32,61.03,18936800
08/23/2018,60.36,61.06,60.21,60.27,19852080
08/22/2018,60,60.59,59.95,60.37,17747780
08/21/2018,60.4,60.86,60.02,60.08,24111600
08/20/2018,60.25,60.55,59.73,60.39,17415440
08/17/2018,60.1,60.45,59.41,60.05,27792900
08/16/2018,61.24,61.3,60.13,60.32,26863220
08/15/2018,61.46,61.76,60.48,60.72,36576280
08/14/2018,61.76,62.29,61.26,62.11,26963880
08/13/2018,61.85,62.46,61.68,61.75,19946920
08-10-2018,62.15,62.28,61.6,61.88,22178380
08-09-2018,62.5,62.78,62.3,62.46,16972020
08-08-2018,62.02,62.83,61.9,62.28,27418260
08-07-2018,61.85,62.56,61.81,62.11,29879600
08-06-2018,61.25,61.3,60.79,61.24,21634460
08-03-2018,61.48,61.5,60.75,61.19,21797920
08-02-2018,60.3,61.49,60.24,61.31,30625980
08-01-2018,61.4,61.67,60.51,61,31345280
07/31/2018,61,61.38,60.28,60.86,32894440
07/30/2018,61.4,61.75,60.57,60.99,36998080
07/27/2018,63.55,63.69,61.55,61.93,42611160
07/26/2018,62.55,63.49,62.45,63.42,48112760
07/25/2018,61.96,63.29,61.96,63.19,42799980
07/24/2018,63.13,63.3,61.78,62.4,66364080
07/23/2018,59.05,60.32,59.05,60.28,52384680
07/20/2018,59.35,59.84,59.21,59.25,24968000
07/19/2018,59.55,60,59.17,59.35,25533340
07/18/2018,59.83,60.23,59.52,59.79,27872120
07/17/2018,58.61,60.15,58.53,59.94,32207060
07/16/2018,59.47,59.55,58.96,59.19,21113240
07/13/2018,59.25,59.77,59,59.44,24441440
07-12-2018,57.99,59.22,57.8,59.17,25037680
07-11-2018,57.23,58.21,57.05,57.7,22399860
07-10-2018,57.85,57.98,57.48,57.64,15968240
07-09-2018,57.42,57.73,57.17,57.7,18179380
07-06-2018,56.18,57.05,56.04,57.01,19921580
07-05-2018,55.53,56.38,55.42,56.21,21333700
07-03-2018,56.79,56.79,55,55.14,13580680
07-02-2018,54.95,56.4,54.69,56.37,24346220
06/29/2018,56,56.41,55.75,55.78,26302420
06/28/2018,55.1,56.12,54.8,55.71,21448760
06/27/2018,56.07,56.59,55.18,55.2,25877840
06/26/2018,56.4,56.66,55.83,55.92,31264500
06/25/2018,57.18,57.2,55.64,56.24,43146200
06/22/2018,57.96,58.12,57.36,57.77,26219340
06/21/2018,58.74,58.86,57.61,57.88,24762360
06/20/2018,58.77,59.31,58.46,58.49,32970720
06/19/2018,57.93,58.56,57.7,58.4,32420360
06/18/2018,57.18,58.72,57.18,58.67,28273840
06/15/2018,57.44,57.67,57.17,57.61,42449520
06/14/2018,57.19,57.77,57.03,57.61,27017360
06/13/2018,57.06,57.33,56.67,56.74,30128140
06-12-2018,56.55,56.99,56.54,56.97,18240360
06-11-2018,55.93,56.86,55.93,56.5,21585880
06-08-2018,55.91,56.33,55.61,56.04,25816900
06-07-2018,56.57,56.79,55.83,56.19,30400400
06-06-2018,57.11,57.15,56.29,56.84,33964940
06-05-2018,57.05,57.29,56.66,56.98,33559460
06-04-2018,56.12,57.09,56.1,56.96,37791580
06-01-2018,54.97,56,54.93,55.98,48431960
05/31/2018,53.38,54.86,53.38,54.25,61766100
05/30/2018,53.15,53.46,52.84,53.39,22769140
05/29/2018,53.24,53.67,52.76,53.02,37302780
05/25/2018,53.95,54.13,53.69,53.78,17988120
05/24/2018,53.95,54.02,53.31,53.96,15335460
05/23/2018,53.26,54.04,53.09,53.98,21213660
05/22/2018,54.18,54.33,53.33,53.49,21800040
05/21/2018,53.7,54.4,53.68,53.98,20464220
05/18/2018,53.09,53.5,53.03,53.32,31304800
05/17/2018,53.99,54.34,53.68,53.93,20875320
05/16/2018,53.87,54.46,53.81,54.09,21946340
05/15/2018,54.5,54.5,53.67,53.96,29897440
05/14/2018,55,55.54,54.96,55.01,30361540
05-11-2018,54.68,55.07,54.55,54.91,25073300
05-10-2018,54.3,55.02,54.28,54.88,28860500
05-09-2018,52.91,54.27,52.82,54.14,40656360
05-08-2018,52.93,53.03,52.36,52.7,24354420
05-07-2018,52.46,53.08,52.36,52.74,29321300
05-04-2018,50.85,52.43,50.85,52.41,38773160
05-03-2018,50.95,51.48,50.31,51.19,36301160
05-02-2018,51.41,52.02,51.14,51.22,32061620
05-01-2018,50.68,51.92,50.41,51.87,28557140
04/30/2018,51.5,51.85,50.84,50.87,33425080
04/27/2018,52.3,52.48,51.28,51.5,32395920
04/26/2018,51.48,52.4,50.91,52,41590660
04/25/2018,51.28,51.62,50.77,51.06,47822100
04/24/2018,52.6,52.85,50.53,51,95205200
04/23/2018,53.89,54.14,53.04,53.37,46825160
04/20/2018,54.1,54.62,53.48,53.65,37793720
04/19/2018,53.47,54.71,53.41,54.39,34953420
04/18/2018,53.87,53.87,53.31,53.6,26882760
04/17/2018,52.57,53.89,52.41,53.71,46405320
04/16/2018,51.85,52.16,51.34,51.9,24224160
04/13/2018,52.04,52.32,51.15,51.46,24460340
04-12-2018,51.25,52.03,51.07,51.63,27187780
04-11-2018,51.4,51.57,50.79,51,29677620
04-10-2018,51.32,51.81,50.57,51.58,40592960
04-09-2018,50.84,51.98,50.7,50.77,35031180
04-06-2018,51,51.57,50.15,50.35,34928600
04-05-2018,52.07,52.14,51.01,51.39,27260980
04-04-2018,49.67,51.44,49.65,51.26,49693020
04-03-2018,50.7,51.05,49.7,50.67,45501520
04-02-2018,51.14,51.74,49.52,50.32,53608000
03/29/2018,50.58,52.15,50.15,51.59,54536600
03/28/2018,49.9,51.21,49.03,50.23,67385500
03/27/2018,53.15,53.24,49.85,50.26,61906300
03/26/2018,52.3,52.78,50.42,52.66,53302620
03/23/2018,52.35,53.17,51.06,51.08,43133440
03/22/2018,54.09,54.15,52.3,52.45,53339280
03/21/2018,54.64,55.32,54.26,54.54,37577460
03/20/2018,54.95,55.26,54.17,54.89,36637920
03/19/2018,56,56.1,54.45,54.99,56118740
03/16/2018,57.71,57.79,56.6,56.79,61839080
03/15/2018,57.5,58.05,56.73,57.48,29444520
03/14/2018,57.26,57.93,57.07,57.47,25828300
03/13/2018,58.5,58.84,56.67,56.91,38143420
03-12-2018,58.19,58.85,57.87,58.23,43445440
03-09-2018,56.8,58.04,56.62,58,42560760
03-08-2018,55.77,56.38,55.64,56.3,27102500
03-07-2018,54.46,55.61,54.27,55.48,25850740
03-06-2018,54.96,55.09,54.49,54.75,30655660
03-05-2018,53.76,54.86,53.45,54.55,24043480
03-02-2018,52.65,54.1,52.41,53.95,45431020
03-01-2018,55.39,55.51,53.35,53.48,50318200
02/28/2018,56.15,56.38,55.16,55.24,37652000
02/27/2018,57.06,57.2,55.9,55.91,35481600
02/26/2018,56.39,57.2,56.33,57.19,31181580
02/23/2018,55.63,56.36,55.24,56.34,25219360
02/22/2018,55.81,56.14,55.13,55.33,26343320
02/21/2018,55.32,56.7,55.32,55.57,30258200
02/20/2018,54.53,55.7,54.43,55.12,28462900
02/16/2018,54.42,55.23,54.42,54.74,33632240
02/15/2018,53.95,54.57,53.22,54.48,36868840
02/14/2018,52.45,53.59,52.34,53.49,31115740
02/13/2018,52.25,52.92,52.2,52.61,25301080
02-12-2018,52.4,53.08,52.05,52.6,41154360
02-09-2018,50.86,52.2,49.63,51.89,70117240
02-08-2018,52.77,52.93,50.03,50.08,57182720
02-07-2018,54.08,54.09,52.41,52.43,47384640
02-06-2018,51.36,54.09,51.16,54.03,68959120
02-05-2018,54.53,55.5,52.6,52.79,75966020
02-02-2018,56.1,56.15,55.36,55.6,97158860
02-01-2018,58.13,58.7,57.88,58.39,48242280
01/31/2018,58.53,58.65,57.96,58.5,30773760
01/30/2018,58.39,58.83,58.18,58.18,31126920
01/29/2018,58.82,59.34,58.6,58.78,27578260
01/26/2018,58.75,58.79,57.91,58.79,40375100
01/25/2018,58.63,58.8,58.14,58.52,29610800
01/24/2018,58.87,58.99,58.05,58.21,28332500
01/23/2018,57.99,58.58,57.94,58.5,26661120
01/22/2018,56.87,57.99,56.76,57.79,32359500
01/19/2018,56.59,56.89,56.42,56.88,35564580
01/18/2018,56.57,56.63,55.88,56.49,23964680
01/17/2018,56.31,56.63,55.85,56.6,24052780
01/16/2018,56.63,57,55.89,56.09,31505220
01-12-2018,55.12,56.21,55.06,56.11,34410660
01-11-2018,55.32,55.33,54.98,55.28,19565840
01-10-2018,54.86,55.23,54.81,55.13,20855860
01-09-2018,55.47,55.53,55.06,55.31,18050820
01-08-2018,55.11,55.56,55.08,55.35,20952060
01-05-2018,54.7,55.21,54.6,55.11,25582460
01-04-2018,54.4,54.68,54.2,54.32,20092100
01-03-2018,53.22,54.31,53.16,54.12,28603400
01-02-2018,52.42,53.35,52.26,53.25,24751280
12/31/2019,66.51,66.9,66.45,66.85,19249360
12/30/2019,67.5,67.65,66.7,66.81,21026460
12/27/2019,68.15,68.23,67.47,67.59,20774360
12/26/2019,67.31,68.07,67.22,68.02,13355080
12/24/2019,67.43,67.51,67.14,67.18,6950360
12/23/2019,67.79,67.99,67.33,67.44,17664000
12/20/2019,68.17,68.18,67.45,67.48,66338100
12/19/2019,67.59,67.91,67.45,67.8,29402240
12/18/2019,67.83,68.02,67.55,67.63,33141380
12/17/2019,68.14,68.25,67.57,67.76,37105180
12/16/2019,67.83,68.23,67.63,68.06,27949020
12/13/2019,67.4,67.65,67.19,67.39,30988500
12-12-2019,67.3,67.79,67.03,67.51,25634440
12-11-2019,67.54,67.56,67.13,67.25,17015920
12-10-2019,67.08,67.5,66.8,67.23,21893060
12-09-2019,66.9,67.97,66.89,67.18,27115900
12-06-2019,66.67,67.2,66.67,67.03,26310200
12-05-2019,66.4,66.47,65.82,66.41,24256360
12-04-2019,65.35,66.29,65.24,66.03,30762200
12-03-2019,63.98,64.92,63.95,64.76,25372940
12-02-2019,65.05,65.29,64.05,64.5,30237020
11/29/2019,65.36,65.51,65.2,65.25,11739620
11/27/2019,65.75,65.92,65.48,65.65,19926580
11/26/2019,65.49,65.74,65.25,65.68,21395900
11/25/2019,64.96,65.57,64.91,65.33,20729740
11/22/2019,65.28,65.44,64.57,64.77,27730120
11/21/2019,65.07,65.63,64.65,65.07,19909980
11/20/2019,65.59,65.75,64.56,65.15,26196700
11/19/2019,66.39,66.39,65.64,65.77,25387440
11/18/2019,66.61,66.78,65.88,66.04,29761660
11/15/2019,65.95,66.74,65.71,66.74,35659100
11/14/2019,64.88,65.85,64.78,65.57,23886100
11/13/2019,64.7,65.22,64.68,64.9,17077220
11-12-2019,65,65.5,64.79,64.94,21717180
11-11-2019,65.16,65.32,64.87,64.96,20248580
11-08-2019,65.26,65.9,65.22,65.57,25038320
11-07-2019,64.71,66.19,64.71,65.44,40599400
11-06-2019,64.47,64.69,64.13,64.59,23059540
11-05-2019,64.64,64.95,64.56,64.6,25654220
11-04-2019,63.82,64.71,63.82,64.57,30019280
11-01-2019,63.25,63.73,63.03,63.69,33401440
10/31/2019,63.06,63.38,62.54,63.01,29113020
10/30/2019,62.65,63.47,62.6,63.06,28177020
10/29/2019,63.81,64.08,62.86,63.13,37727600
10/28/2019,63.77,64.97,63.63,64.5,52264740
10/25/2019,62.55,63.48,62.5,63.26,24261020
10/24/2019,63.05,63.2,62.69,63.05,20797360
10/23/2019,62.12,62.99,62.12,62.96,18571900
10/22/2019,62.39,62.53,62.07,62.14,20957020
10/21/2019,62.61,62.73,62.03,62.31,20760840
10/18/2019,62.67,62.94,62.05,62.27,27056780
10/17/2019,62.55,63.17,62.5,62.65,19610200
10/16/2019,62.06,62.74,61.92,62.18,23363480
10/15/2019,61.02,62.37,61.02,62.15,27905180
10/14/2019,60.62,61.32,60.59,60.86,17640780
10-11-2019,61.11,61.42,60.69,60.77,25542880
10-10-2019,59.93,60.75,59.87,60.43,18650620
10-09-2019,59.97,60.42,59.88,60.12,17532640
10-08-2019,59.88,60.3,59.45,59.46,22835680
10-07-2019,60.22,60.91,60.19,60.38,17342980
10-04-2019,59.59,60.57,59.46,60.45,23665280
10-03-2019,59,59.45,58.12,59.39,33273120
10-02-2019,59.85,59.85,58.56,58.83,32784740
10-01-2019,60.95,61.56,60.18,60.26,27165580
09/30/2019,61.05,61.3,60.62,60.95,28393520
09/27/2019,62.15,62.2,60.72,61.25,27088640
09/26/2019,62.1,62.25,61.61,62.07,31237640
09/25/2019,60.79,62.42,60.5,62.33,31877500
09/24/2019,62,62.34,60.53,60.94,31835720
09/23/2019,61.3,61.95,61.21,61.7,21505060
09/20/2019,61.66,62.17,61.15,61.5,46745380
09/19/2019,61.6,62.22,61.6,61.94,20003100
09/18/2019,61.38,61.78,60.83,61.62,22886660
09/17/2019,61.52,61.75,61.18,61.46,19162240
09/16/2019,61.48,61.98,61.28,61.57,21065980
09/13/2019,61.57,62.04,61.35,61.98,26027000
09-12-2019,61.22,62.09,61.15,61.71,34518160
09-11-2019,60.17,61.13,60.11,61.01,26140660
09-10-2019,59.76,60.5,59.73,60.3,25202300
09-09-2019,60.2,61,59.63,60.22,29437600
09-06-2019,60.41,60.6,60.13,60.25,21442860
09-05-2019,59.58,60.65,59.58,60.57,28172020
09-04-2019,58.84,59.17,58.55,59.07,21379360
09-03-2019,58.85,59.34,58.16,58.42,29608400
08/30/2019,59.93,59.93,59.19,59.41,22599180
08/29/2019,59.06,59.8,59.06,59.64,21777160
08/28/2019,58.09,58.82,57.87,58.55,16044860
08/27/2019,59.03,59.12,58.07,58.39,21549040
08/26/2019,57.86,58.47,57.65,58.44,24528820
08/23/2019,59.1,59.7,57.39,57.56,33765420
08/22/2019,59.7,59.9,58.93,59.48,18958120
08/21/2019,59.66,59.95,59.37,59.56,14821060
08/20/2019,59.76,59.8,59.11,59.13,18312100
08/19/2019,59.5,60.35,59.5,59.92,24650340
08/16/2019,58.98,59.14,58.59,58.88,26988720
08/15/2019,58.18,58.79,58.11,58.36,24494780
08/14/2019,58.82,59.12,58.03,58.21,31573360
08/13/2019,58.57,60.24,58.57,59.86,26360180
08-12-2019,58.96,59.25,58.38,58.74,20063740
08-09-2019,59.9,60.19,59.18,59.4,21313160
08-08-2019,59.14,60.25,58.65,60.24,29359940
08-07-2019,57.8,58.92,57.48,58.7,28886480
08-06-2019,58.17,59,58,58.5,34187480
08-05-2019,58.5,58.76,57.01,57.62,51949100
08-02-2019,60.04,60.35,59.45,59.7,32901340
08-01-2019,60.7,61.71,60.29,60.45,33970200
07/31/2019,61.15,61.7,60.39,60.83,34509080
07/30/2019,61.27,61.74,61.17,61.26,29065260
07/29/2019,62.05,62.37,61.41,61.97,44474620
07/26/2019,61.2,63.28,61.2,62.52,96115040
07/25/2019,56.89,57.09,56.05,56.61,44196460
07/24/2019,56.6,57.2,56.35,56.89,31802020
07/23/2019,57.2,57.35,56.59,57.31,21873760
07/22/2019,56.67,56.96,56.21,56.9,26036920
07/19/2019,57.41,57.56,56.48,56.51,32944900
07/18/2019,57.09,57.38,56.64,57.32,25825620
07/17/2019,57.55,57.92,57.29,57.32,23400940
07/16/2019,57.3,57.93,57.25,57.68,24776140
07/15/2019,57.34,57.54,56.97,57.52,18075600
07-12-2019,57.2,57.37,56.94,57.25,17279460
07-11-2019,57.16,57.65,56.98,57.21,23911380
07-10-2019,56.56,57.1,56.55,57.02,24189320
07-09-2019,55.59,56.4,55.36,56.24,26607400
07-08-2019,56.26,56.3,55.56,55.82,24728380
07-05-2019,55.89,56.64,55.81,56.58,25290800
07-03-2019,55.87,56.34,55.69,56.08,15340220
07-02-2019,55.11,55.59,54.91,55.56,19835100
07-01-2019,54.9,55.38,54.69,54.9,28770080
06/28/2019,53.82,54.05,53.67,54.05,33869000
06/27/2019,54.2,54.36,53.76,53.8,20089540
06/26/2019,54.33,54.65,53.61,53.99,36217380
06/25/2019,55.63,55.72,54.19,54.32,30938260
06/24/2019,55.98,56.1,55.55,55.78,27913920
06/21/2019,55.46,56.21,55.4,56.09,38951820
06/20/2019,56,56.01,55.24,55.57,25240220
06/19/2019,55.28,55.35,54.67,55.12,26784360
06/18/2019,55.48,55.82,54.95,55.18,27733680
06/17/2019,54.31,54.96,54.31,54.63,18832040
06/14/2019,54.32,54.63,54.01,54.27,22232860
06/13/2019,54.18,54.71,54.01,54.44,21160000
06-12-2019,53.9,54.05,53.38,53.85,21225100
06-11-2019,54.7,55.1,53.88,53.94,28741260
06-10-2019,53.65,54.63,53.62,54.02,29284960
06-07-2019,52.53,53.55,52.42,53.3,36047400
06-06-2019,52.25,52.37,51.69,52.22,34064880
06-05-2019,52.58,52.68,51.52,52.11,43368780
06-04-2019,52.15,52.8,51.68,52.65,56669660
06-03-2019,53.28,53.28,51.25,51.81,102611520
05/31/2019,55.06,55.48,55.01,55.18,30164060
05/30/2019,55.78,56.16,55.61,55.9,19037460
05/29/2019,56.38,56.46,55.41,55.82,30764240
05/28/2019,56.7,57.58,56.66,56.71,27303320
05/24/2019,57.37,57.49,56.58,56.67,22246820
05/23/2019,57.03,57.3,56.46,57.04,23986000
05/22/2019,57.34,57.93,57.29,57.57,18296780
05/21/2019,57.42,57.64,56.9,57.48,23203160
05/20/2019,57.23,57.34,56.57,56.94,27065840
05/17/2019,58.42,59.01,58,58.12,24172460
05/16/2019,58.23,59.41,58.14,58.95,30628080
05/15/2019,55.89,58.57,55.83,58.21,45786040
05/14/2019,56.86,57.02,55.98,56.02,36732080
05/13/2019,57.1,57.4,56.11,56.6,37212960
05-10-2019,58.18,58.63,57.13,58.21,26290920
05-09-2019,57.95,58.48,57.54,58.12,23719460
05-08-2019,58.6,59.02,58.29,58.31,26190280
05-07-2019,59.02,59.52,58.05,58.71,31027360
05-06-2019,58.31,59.54,58.31,59.47,31278860
05-03-2019,58.68,59.34,58.45,59.27,39613060
05-02-2019,58.39,58.71,57.75,58.13,38896340
05-01-2019,59.4,59.4,58.36,58.4,52859660
04/30/2019,59.25,59.64,58.75,59.42,124140540
04/29/2019,63.7,64.46,63.31,64.38,49988640
04/26/2019,63.45,63.65,63.02,63.61,24828560
04/25/2019,63.24,63.37,62.6,63.17,22145900
04/24/2019,63.21,63.4,62.75,62.8,20375060
04/23/2019,62.53,63.45,62.32,63.23,26398200
04/22/2019,61.8,62.45,61.42,62.44,16146680
04/18/2019,61.96,62.1,61.73,61.82,26636460
04/17/2019,61.65,62.03,61.39,61.82,24438600
04/16/2019,61.25,61.54,61.01,61.36,17126080
04/15/2019,60.9,61.21,60.46,61.06,23750380
04-12-2019,60.5,60.92,60.41,60.89,18675880
04-11-2019,60.2,60.4,60.01,60.23,14204620
04-10-2019,60.03,60.19,59.82,60.11,14492860
04-09-2019,59.8,60.11,59.65,59.86,17527620
04-08-2019,60.39,60.43,59.99,60.19,17207260
04-05-2019,60.75,60.81,60.25,60.36,18143040
04-04-2019,60.3,60.78,60.21,60.75,19014940
04-03-2019,60.37,60.82,60.03,60.3,20356760
04-02-2019,59.77,60.07,59.29,60.02,16559460
04-01-2019,59.21,59.83,59.1,59.72,25055140
03/29/2019,58.75,58.95,58.14,58.67,25399580
03/28/2019,58.58,58.58,57.97,58.42,20248600
03/27/2019,59.28,59.38,57.97,58.65,28004800
03/26/2019,59.93,60.14,58.84,59.23,38023120
03/25/2019,59.85,60.32,59.35,59.65,29936860
03/22/2019,61.32,61.5,60.14,60.28,34284940
03/21/2019,60.8,61.59,60.66,61.58,24080900
03/20/2019,59.87,61.36,59.81,61.2,44555720
03/19/2019,59.44,60,59.29,59.94,30413760
03/18/2019,59.17,59.5,58.87,59.21,25852660
03/15/2019,59.67,59.83,59.13,59.22,49199140
03/14/2019,59.73,59.89,59.22,59.28,23456300
03/13/2019,60.03,60.05,59.6,59.67,28718720
03-12-2019,58.91,60,58.91,59.66,40262300
03-11-2019,57.22,58.81,57.22,58.79,34383840
03-08-2019,56.34,57.35,56.17,57.12,24249780
03-07-2019,57.79,57.84,56.75,57.17,23331180
03-06-2019,58.12,58.38,57.77,57.89,21985780
03-05-2019,57.5,58.48,57.31,58.1,28863480
03-04-2019,57.35,57.91,56.53,57.39,28920940
03-01-2019,56.25,57.15,56.24,57.05,29006320
02/28/2019,55.57,56.38,55.55,56,30852180
02/27/2019,55.35,55.9,55.05,55.8,19375200
02/26/2019,55.29,55.98,55,55.76,29434860
02/25/2019,55.8,55.93,55.36,55.47,28261220
02/22/2019,55.05,55.56,54.78,55.52,20990900
02/21/2019,55.54,55.6,54.63,54.85,28309460
02/20/2019,56,56.17,55.26,55.69,21756340
02/19/2019,55.5,56.09,55.5,55.93,20932560
02/15/2019,56.5,56.58,55.53,55.68,28996600
02/14/2019,55.9,56.41,55.52,56.08,18952640
02/13/2019,56.25,56.74,55.93,56.01,20995620
02-12-2019,55.34,56.26,55.29,56.07,32190260
02-11-2019,54.85,55.3,54.64,54.75,21303880
02-08-2019,54.35,54.95,54.33,54.75,21515380
02-07-2019,55.21,55.24,54.3,54.94,40896540
02-06-2019,56.98,57.35,55.64,55.76,42111840
02-05-2019,56.24,57.34,55.86,57.3,71043880
02-04-2019,55.63,56.64,55.45,56.64,51529400
02-01-2019,55.62,56.25,55.24,55.54,29244160
01/31/2019,55.15,55.87,54.77,55.82,30766480
01/30/2019,53.42,54.55,53.34,54.45,25596440
01/29/2019,53.63,53.76,52.79,53.03,20436380
01/28/2019,54.01,54.15,53.19,53.5,25685620
01/25/2019,54.25,54.7,54.09,54.55,22384320
01/24/2019,53.82,53.97,53.04,53.7,27233460
01/23/2019,53.87,54.25,52.99,53.78,19339120
01/22/2019,54.4,54.58,53.17,53.53,32270540
01/18/2019,55,55.42,54.55,54.91,39111180
01/17/2019,53.97,54.59,53.68,54.5,24853280
01/16/2019,54,54.62,53.97,54.05,26636380
01/15/2019,52.51,54,52.37,53.86,29271400
01/14/2019,52.35,52.58,52.06,52.23,22885260
01-11-2019,53.16,53.19,52.42,52.86,30415120
01-10-2019,53.38,53.56,52.89,53.52,29128420
01-09-2019,54.08,54.13,53.32,53.73,23985440
01-08-2019,53.81,54.23,53.03,53.81,35305340
01-07-2019,53.58,53.7,52.74,53.42,39637480
01-04-2019,51.63,53.54,51.37,53.54,41877880
01-03-2019,52.05,52.85,50.7,50.8,36821320
01-02-2019,50.83,52.62,50.79,52.29,30652160
12/31/2020,86.77,87.95,86.77,87.59,20244800
12/30/2020,88.1,88.25,86.28,86.98,26122600
12/29/2020,89.39,89.62,87.8,87.94,25987900
12/28/2020,87.58,89.54,87.32,88.8,27860660
12/24/2020,86.75,87.3,86.46,86.94,6935060
12/23/2020,86.41,87.4,86.25,86.62,20678340
12/22/2020,86.72,86.87,85.63,86.18,18766920
12/21/2020,85.68,87.04,84.95,86.97,36567560
12/18/2020,87.71,87.76,86.01,86.55,80327060
12/17/2020,88.43,88.59,86.93,87.4,32494880
12/16/2020,88.64,88.65,87.8,88.15,30270860
12/15/2020,88.22,88.57,87.5,88.39,29645220
12/14/2020,88.75,89.87,87.86,88,32003460
12-11-2020,88.15,89.22,88,89.09,24413020
12-10-2020,88.49,89.07,87.02,88.77,27256960
12-09-2020,90.6,91.71,88.39,89.21,30151160
12-08-2020,90.51,91.1,89.81,90.93,21926380
12-07-2020,90.95,91.62,90.29,90.97,26418920
12-04-2020,91.23,91.66,90.85,91.4,27563320
12-03-2020,91.2,92.36,91.13,91.34,24545960
12-02-2020,89.91,91.78,89.47,91.4,24440640
12-01-2020,88.72,91.24,88.47,89.91,34780900
11/30/2020,89.06,89.4,87.75,88.04,36476720
11/27/2020,88.65,90.2,88.62,89.66,17698320
11/25/2020,88.64,88.93,87.83,88.57,20922440
11/24/2020,86.53,88.58,86.38,88.44,31594060
11/23/2020,87.48,87.7,85.89,86.74,43239500
11/20/2020,88.26,88.7,87.09,87.11,46273100
11/19/2020,86.92,88.48,86.85,88.2,24998200
11/18/2020,88.26,88.67,87.31,87.34,23469320
11/17/2020,88.85,89.25,88.35,88.51,22942280
11/16/2020,88.59,89.95,88.38,89.07,24935700
11/13/2020,87.88,89.05,87.23,88.85,30011480
11-12-2020,87.38,88.41,87.28,87.49,24975080
11-11-2020,87.5,88.21,87.37,87.64,25279320
11-10-2020,86.55,88.15,85.87,87.02,52722840
11-09-2020,89.55,90.9,88,88.15,45365400
11-06-2020,87.7,88.62,87.02,88.09,33224500
11-05-2020,89.05,89.68,87.53,88.17,41316240
11-04-2020,85.51,88.57,85.3,87.46,71418540
11-03-2020,81.59,83.09,80.83,82.51,33233060
11-02-2020,81.41,83.04,80.8,81.3,50708920
10/30/2020,83.61,84.35,80.22,81.05,86617240
10/29/2020,76.12,79.69,76.11,78.36,40061280
10/28/2020,77.99,78.07,75.73,75.83,36679180
10/27/2020,79.78,80.34,79.14,80.21,24580040
10/26/2020,81.25,81.91,78.83,79.52,37065080
10/23/2020,81.3,82.12,81.03,82.05,27516880
10/22/2020,79.65,81.1,79.25,80.77,28680840
10/21/2020,78.67,80.94,78.58,79.67,51366900
10/20/2020,76.35,78.88,76.28,77.8,44851440
10/19/2020,79.02,79.41,76.4,76.73,32141500
10/16/2020,78.29,79.06,78.15,78.65,28702740
10/15/2020,77.36,78.76,77.25,77.96,30816340
10/14/2020,78.93,79.38,77.53,78.4,38619800
10/13/2020,79.19,79.5,78.16,78.58,32020860
10-12-2020,77.15,79.69,76.63,78.46,49651200
10-09-2020,74.74,75.83,74.47,75.76,28710840
10-08-2020,73.25,74.5,73.25,74.3,23756620
10-07-2020,73.21,73.45,71.8,73.01,34923120
10-06-2020,73.78,74.34,72.43,72.67,24908460
10-05-2020,73.31,74.41,73.21,74.3,22265140
10-02-2020,73.1,74.16,72.55,72.92,25681420
10-01-2020,74.21,74.95,73.96,74.5,35589940
09/30/2020,73.34,74.49,72.99,73.48,34032160
09/29/2020,73.52,73.83,72.94,73.47,19582040
09/28/2020,73.71,73.84,72.47,73.23,40158820
09/25/2020,71.63,72.5,70.67,72.25,26467500
09/24/2020,70.55,72.19,70.49,71.41,29004320
09/23/2020,72.94,73.05,70.39,70.76,33147000
09/22/2020,72.5,73.48,71.73,73.27,31664020
09/21/2020,72,72.42,70.33,71.56,57776540
09/18/2020,74.9,75.15,71.86,73,62077640
09/17/2020,74.8,75.41,73.5,74.78,37595020
09/16/2020,77.78,78.1,75.99,76.05,26245980
09/15/2020,76.8,77.98,76.59,77.07,26621640
09/14/2020,76.95,78.2,75.79,75.96,33931780
09-11-2020,76.8,78.76,74.87,76.04,31941740
09-10-2020,78.03,79.2,76.29,76.6,32371140
09-09-2020,77.88,78.45,76.8,77.85,35494080
09-08-2020,76.68,78.19,76.4,76.62,52217680
09-04-2020,81.21,82.26,77.38,79.55,52171360
09-03-2020,85.49,85.49,80.75,82.09,62155260
09-02-2020,83.69,86.66,83.32,86.41,50223600
09-01-2020,81.83,83.29,81.61,83.04,36533100
08/31/2020,82.39,82.4,81.52,81.71,36468120
08/28/2020,81.67,82.36,81.54,82.22,29995640
08/27/2020,82.68,82.75,81.29,81.72,37232040
08/26/2020,80.4,82.96,80.18,82.62,71621440
08/25/2020,79.1,80.58,79.1,80.41,42641680
08/24/2020,79.7,80.71,79.03,79.41,28204580
08/21/2020,78.85,79.89,78.4,79.02,28929060
08/20/2020,77.17,79.29,76.91,79.09,34137540
08/19/2020,77.67,78.68,77.2,77.38,33212220
08/18/2020,76.31,78.12,76.19,77.93,40541720
08/17/2020,75.73,76.28,75.4,75.9,27572000
08/14/2020,75.78,76.1,75.14,75.39,27104000
08/13/2020,75.52,76.86,75.4,75.92,29104160
08-12-2020,74.28,75.62,74.26,75.33,28753100
08-11-2020,74.62,75.5,73.9,74.02,29087300
08-10-2020,74.36,75.2,73.65,74.81,25790600
08-07-2020,75,75.84,74.08,74.72,31556520
08-06-2020,73.59,75.12,73.3,75.01,39907360
08-05-2020,73.47,74.12,73.17,73.68,39599140
08-04-2020,73.83,74.28,72.93,73.25,38069780
08-03-2020,74.33,74.52,73.28,73.72,46630280
07/31/2020,75.25,75.45,72.7,74.15,68580720
07/30/2020,74.85,76.89,74.61,76.57,33427920
07/29/2020,75.32,76.56,75.07,76.1,22130680
07/28/2020,76.26,76.32,74.88,75.02,34043480
07/27/2020,75.78,77.05,75.76,76.51,24919600
07/24/2020,74.95,75.88,74.42,75.59,30888080
07/23/2020,78.35,78.59,75.37,75.78,32552680
07/22/2020,78.03,78.5,77.31,78.42,18639700
07/21/2020,79.35,79.35,77.71,77.92,24372900
07/20/2020,75.76,78.51,75.18,78.29,31145040
07/17/2020,76.08,76.17,74.92,75.78,29140200
07/16/2020,75,75.93,74.32,75.9,30386900
07/15/2020,76.16,76.77,74.9,75.68,32213680
07/14/2020,74.52,76.15,74.18,76.03,31700320
07/13/2020,77.5,78.86,75.26,75.57,36928480
07-10-2020,75.31,77.19,74.83,77.09,37134080
07-09-2020,75.32,76.14,74.4,75.55,28466440
07-08-2020,74.72,75.29,74.28,74.8,24993160
07-07-2020,74.5,75.84,74.18,74.26,29163440
07-06-2020,74,75.33,73.64,74.79,31279940
07-02-2020,72.35,74.15,72.32,73.24,37189600
07-01-2020,70.56,72.15,70.49,71.9,35503340
06/30/2020,69.52,70.93,69.2,70.68,40847620
06/29/2020,67.91,69.78,67.35,69.75,36203600
06/26/2020,71.57,71.67,67.6,68,85353960
06/25/2020,71.5,72.15,71,72.07,24609480
06/24/2020,73.08,73.77,71.49,71.6,35120440
06/23/2020,72.78,73.8,72.26,73.22,28595280
06/22/2020,71.45,72.64,71.16,72.59,30848800
06/19/2020,72.2,72.39,71.07,71.59,63157500
06/18/2020,72.46,72.57,71.35,71.8,31638320
06/17/2020,72.36,73,71.57,72.56,30992300
06/16/2020,72.26,72.75,71.3,72.14,34232280
06/15/2020,69.54,71.24,69.4,70.99,30121920
06-12-2020,71.42,71.85,69.3,70.66,38927340
06-11-2020,72.12,72.72,70.1,70.19,39826640
06-10-2020,72.98,73.71,72.81,73.29,30503060
06-09-2020,72.27,73.4,72.16,72.81,28184980
06-08-2020,71.12,72.4,71.12,72.33,28083560
06-05-2020,70.66,72.25,70.3,71.92,34704880
06-04-2020,71.52,71.95,70.24,70.61,29685440
06-03-2020,71.92,72.33,71.49,71.82,25123720
06-02-2020,71.53,71.98,70.94,71.96,25562560
06-01-2020,70.92,71.9,70.9,71.59,24342800
05/29/2020,70.85,71.63,70.67,71.45,36761180
05/28/2020,69.84,72.04,69.8,70.84,33879520
05/27/2020,70.86,71.09,69.56,70.89,33722840
05/26/2020,71.86,72.05,70.61,70.85,41212860
05/22/2020,69.84,70.64,69.59,70.52,26188160
05/21/2020,70.4,70.77,69.67,70.14,27703880
05/20/2020,69.48,70.52,69.36,70.34,33107500
05/19/2020,69.35,69.6,68.67,68.67,25612980
05/18/2020,68.09,69.62,67.71,69.2,36479280
05/15/2020,67.5,68.72,66.95,68.66,34154940
05/14/2020,66.75,67.87,66.2,67.81,32061540
05/13/2020,68.85,69.27,66.42,67.47,36251700
05-12-2020,70.36,70.75,68.74,68.79,27812000
05-11-2020,68.91,70.83,68.86,70.16,28242320
05-08-2020,69.16,69.94,68.77,69.42,27761360
05-07-2020,68.3,68.88,67.76,68.63,27995180
05-06-2020,68.08,68.56,67.36,67.37,24308460
05-05-2020,66.9,68.7,66.87,67.56,33030660
05-04-2020,65.41,66.38,64.95,66.34,30080340
05-01-2020,66.43,67.6,65.55,66.03,41452780
04/30/2020,66.24,67.64,66.12,67.43,53378120
04/29/2020,67.07,68,66.27,67.07,75872480
04/28/2020,64.4,64.4,61.61,61.68,59026180
04/27/2020,64.8,64.81,63.45,63.79,32011260
04/24/2020,63.06,64.02,62.47,63.97,32807880
04/23/2020,63.58,64.67,63.28,63.82,31324060
04/22/2020,62.28,64.28,62.1,63.16,41862800
04/21/2020,62.35,62.71,60.49,60.82,43060060
04/20/2020,63.55,64.08,63.07,63.33,33909760
04/17/2020,64.24,64.72,63.56,64.16,38980840
04/16/2020,63.71,63.95,62.13,63.17,50361980
04/15/2020,62.28,64.02,62.02,63.12,33434060
04/14/2020,62.25,64.1,61.85,63.46,49407060
04/13/2020,60.46,61.03,59.38,60.88,34796560
04-09-2020,61.2,61.28,59.84,60.57,43508420
04-08-2020,60.33,60.95,59.41,60.51,39502700
04-07-2020,61.05,61.25,59.11,59.33,47746580
04-06-2020,56.9,59.73,56.55,59.35,52898000
04-03-2020,55.95,56.18,53.99,54.89,46268000
04-02-2020,54.91,56.34,54.82,56.04,39297620
04-01-2020,56.1,56.48,54.87,55.28,46883460
03/31/2020,57.37,58.77,56.91,58.14,49759660
03/30/2020,56.25,57.58,54.82,57.34,51481220
03/27/2020,56.28,57.53,55.3,55.54,64169900
03/26/2020,55.59,58.5,54.68,58.09,71475100
03/25/2020,56.32,57.45,54.3,55.12,81630560
03/24/2020,55.19,56.75,54.53,56.72,66889000
03/23/2020,53.07,53.57,50.68,52.83,80882740
03/20/2020,56.79,57.2,53.27,53.62,72035000
03/19/2020,54.65,57.9,53.01,55.76,73022120
03/18/2020,52.83,55.33,51.86,54.84,84668700
03/17/2020,54.66,56.54,52.8,55.99,77229780
03/16/2020,54.8,57.61,53.72,54.22,85047300
03/13/2020,58.95,60.99,55.86,60.99,74002500
03-12-2020,56.3,59.69,55.67,55.75,84534960
03-11-2020,62.49,63.05,59.8,60.77,52224580
03-10-2020,63,64.06,60.94,64.02,52227460
03-09-2020,60.27,62.74,60,60.78,67307300
03-06-2020,63.85,65.31,63.05,64.92,53212560
03-05-2020,67.51,67.95,65.26,65.95,51225760
03-04-2020,67.96,69.4,67.16,69.33,38266300
03-03-2020,69.97,70.51,66.6,67.07,48046520
03-02-2020,67.58,69.54,66.34,69.46,48629360
02/28/2020,63.88,67.06,63.55,66.97,75812360
02/27/2020,68.1,68.59,65.86,65.9,59566000
02/26/2020,69.81,70.79,68.95,69.66,44080740
02/25/2020,71.65,71.91,69.12,69.42,49565560
02/24/2020,71.31,71.85,70.57,71.08,57341060
02/21/2020,75.4,75.61,74.02,74.26,34645460
02/20/2020,76.1,76.48,75.34,75.91,21931040
02/19/2020,76.25,76.61,76.07,76.33,18985360
02/18/2020,75.75,76.58,75.63,75.98,22422800
02/14/2020,75.78,76.04,75.37,76.04,23956720
02/13/2020,75.63,76.36,75.23,75.73,18594600
02-12-2020,75.72,76.03,75.41,75.91,23351300
02-11-2020,75.59,76.48,75.28,75.44,26892660
02-10-2020,73.72,75.48,73.72,75.43,28397520
02-07-2020,73.37,74.29,73.32,73.96,23445400
02-06-2020,72.52,74.1,72.48,73.81,33587680
02-05-2020,73.12,73.19,71.53,72.41,39723140
02-04-2020,72.85,73.48,71.32,72.35,78659080
02-03-2020,73.1,74.5,72.95,74.3,61104320
01/31/2020,73.45,73.51,71.43,71.71,48344280
01/30/2020,72,72.86,71.82,72.79,26788420
01/29/2020,72.94,73.27,72.34,72.93,21573340
01/28/2020,72.15,72.8,71.62,72.63,31548440
01/27/2020,71.55,71.9,71.06,71.7,35104020
01/24/2020,74.68,74.77,73.26,73.34,35692880
01/23/2020,74.38,74.78,74.11,74.33,27027080
01/22/2020,74.55,75.16,74.25,74.3,32216920
01/21/2020,73.96,74.59,73.56,74.22,40735600
01/17/2020,73.15,74.06,72.91,74.02,47924300
01/16/2020,72.37,72.6,72.05,72.59,23473760
01/15/2020,71.51,72.07,71.51,71.96,25653700
01/14/2020,71.95,72.09,71.42,71.54,31209060
01/13/2020,71.81,72.03,71.3,71.96,33069640
01-10-2020,71.38,71.75,70.92,71.49,36431320
01-09-2020,71.03,71.37,70.51,70.99,30053280
01-08-2020,69.6,70.58,69.54,70.22,30583540
01-07-2020,69.9,70.15,69.52,69.67,30233860
01-06-2020,67.5,69.83,67.5,69.71,34662980
01-03-2020,67.39,68.63,67.28,68.03,23740120
01-02-2020,67.08,68.41,67.08,68.37,28134620
12/31/2021,145.54,146.37,144.68,144.68,17297700
12/30/2021,146.45,147.06,145.76,146,12977020
12/29/2021,146.43,147.18,145.5,146.5,17024720
12/28/2021,148.37,148.37,145.94,146.45,18635840
12/27/2021,147.46,148.43,147.25,148.06,13259320
12/23/2021,147.09,148.57,146.95,147.14,13818680
12/22/2021,144.1,147.3,143.96,146.95,18440480
12/21/2021,143.15,144.69,141.74,144.22,19551940
12/20/2021,140.68,142.61,140.25,142.4,20263520
12/17/2021,142.71,144.46,141.79,142.8,43404700
12/16/2021,148.08,148.55,144.09,144.84,27399740
12/15/2021,144.37,147.52,142.71,147.37,27280960
12/14/2021,144.77,145.44,142.24,144.97,24778800
12/13/2021,148.44,148.56,146.36,146.7,24103920
12-10-2021,149.1,149.4,147.36,148.68,21638460
12-09-2021,148.18,149.61,147.53,148.11,18580600
12-08-2021,148.33,149.16,147.2,148.72,18963940
12-07-2021,145.95,148.3,145.7,148.04,23258280
12-06-2021,143.57,144.35,140.65,143.8,22197700
12-03-2021,144.5,145.21,141.15,142.52,26687480
12-02-2021,141.82,144.68,140.98,143.78,21250700
12-01-2021,144.21,146.5,141.5,141.62,28545780
11/30/2021,145.45,146.63,142.07,142.45,41590520
11/29/2021,144.3,146.86,144.3,146.11,26276120
11/26/2021,145.02,145.3,142.49,142.81,16992120
11/24/2021,146.35,147,145.2,146.72,16464060
11/23/2021,147.11,147.69,144.89,146.76,18133140
11/22/2021,150.14,150.74,147.01,147.08,24627700
11/19/2021,151,151.85,149.89,149.95,19782960
11/18/2021,149.15,151.61,149,150.71,26682400
11/17/2021,149.23,149.63,148.56,149.06,15290820
11/16/2021,149.17,149.83,148.35,149.08,17254860
11/15/2021,150,150.48,148.65,149.39,16247340
11-12-2021,147.83,149.86,146.45,149.65,17047660
11-11-2021,147.11,148.5,146.69,146.75,12463100
11-10-2021,148.01,148.7,145.33,146.63,22708320
11-09-2021,149.75,150.38,147.51,149.25,16875560
11-08-2021,150,151.03,149.12,149.35,18388140
11-05-2021,149.35,150.57,148.65,149.24,20408140
11-04-2021,147.2,149.95,146.64,148.68,24700800
11-03-2021,146.28,146.91,145.05,146.79,17886600
11-02-2021,144.81,146.92,144.64,145.86,21150580
11-01-2021,148.17,148.4,143.58,143.77,32272100
10/29/2021,145.52,148.61,145.17,148.27,28954500
10/28/2021,147.3,147.42,144.76,146.13,32418060
10/27/2021,139.9,149.12,139.9,146.43,51850920
10/26/2021,140.61,140.84,139.01,139.67,28258740
10/25/2021,138.81,139.21,136.75,138.77,21081700
10/22/2021,140.35,141.56,137.17,138.63,30182640
10/21/2021,142.19,142.85,141.64,142.78,14849920
10/20/2021,144.22,144.25,141.91,142.42,17939500
10/19/2021,143.29,144.11,143.1,143.82,15315840
10/18/2021,141.21,143,141.21,142.96,16567200
10/15/2021,142.2,142.2,141.06,141.68,21253360
10/14/2021,139.95,141.65,139.34,141.41,21437560
10/13/2021,137.75,138.55,136.98,137.9,16393280
10-12-2021,139.64,139.7,136.25,136.71,22535020
10-11-2021,139.8,140.76,138.81,138.85,16584760
10-08-2021,139.91,140.32,139.43,140.06,18928420
10-07-2021,138.86,140.15,138.56,139.19,18250460
10-06-2021,134.63,137.85,134.49,137.35,19764320
10-05-2021,134,137.36,134,136.18,24126740
10-04-2021,135.7,135.7,131.17,133.77,31529900
10-01-2021,133.55,137.07,133.38,136.46,28387300
09/30/2021,134.33,135.59,133,133.27,35363980
09/29/2021,137.11,137.4,134.25,134.52,26337220
09/28/2021,139.09,139.61,135.7,136.18,42189660
09/27/2021,141.59,142.5,140.5,141.5,18844080
09/24/2021,140.95,142.9,140.85,142.63,14949340
09/23/2021,141.61,142.25,141.1,141.83,17276100
09/22/2021,140.05,141.58,139.47,140.94,22067800
09/21/2021,140.12,140.81,138.91,139.65,18129380
09/20/2021,139,139.36,137.05,139.02,34917720
09/17/2021,143.8,144.25,141.06,141.46,60039820
09/16/2021,145.12,145.2,143.42,144.37,20298840
09/15/2021,143.76,145.58,142.26,145.21,20653420
09/14/2021,144.16,144.73,142.91,143.41,18919140
09/13/2021,143.2,144.19,142.28,143.47,20175620
09-10-2021,145.44,146.02,141.74,141.92,32896620
09-09-2021,144.88,145.67,144.43,144.91,14798560
09-08-2021,145.39,145.55,144.2,144.88,15491660
09-07-2021,144.75,145.82,144.54,145.52,15172600
09-03-2021,144.15,145.38,143.51,144.78,19110480
09-02-2021,145.95,146.33,144.11,144.22,21855800
09-01-2021,145.65,146.82,145.61,145.84,15824680
08/31/2021,145.88,146.11,145,145.46,26756420
08/30/2021,144.7,146.49,144.6,145.47,16915900
08/27/2021,142.11,145.01,142.02,144.55,24568240
08/26/2021,142.62,143.13,142.09,142.12,14922000
08/25/2021,142.88,143.31,142.44,142.95,12843060
08/24/2021,141.54,143.01,141.35,142.4,15126260
08/23/2021,139,142.18,138.75,141.1,21089680
08/20/2021,137.08,138.61,136.47,138.44,15566740
08/19/2021,135.47,137.45,135.36,136.91,18295920
08/18/2021,137.12,138.29,136.42,136.57,14934460
08/17/2021,138.19,138.72,136.79,137.3,21274020
08/16/2021,138,138.99,136.17,138.92,18050840
08/13/2021,138.36,138.67,138.01,138.41,12580580
08-12-2021,137.71,138.42,136.78,138.39,14649400
08-11-2021,138.28,138.85,137.35,137.69,15209660
08-10-2021,138.08,138.55,137.23,138.1,16039080
08-09-2021,136.95,138.32,136.43,138,12379560
08-06-2021,136.3,137.08,136.05,137.04,13565020
08-05-2021,136.03,136.95,135.6,136.94,11871780
08-04-2021,136.25,136.54,135.42,136.03,16527140
08-03-2021,136,136.34,134.18,136.28,19064000
08-02-2021,135.48,136.02,134.67,135.99,20140040
07/30/2021,135.51,135.77,134.81,135.22,23954500
07/29/2021,136.38,137.15,136.14,136.54,19283340
07/28/2021,138.56,139.68,136.35,136.38,54688340
07/27/2021,140.01,140.01,135.1,136.8,42163060
07/26/2021,138.25,139.71,137.65,139.64,23052460
07/23/2021,135.26,138.81,134.7,137.82,26377740
07/22/2021,132.65,133.5,132.4,133.33,13608140
07/21/2021,130.79,132.62,130.6,132.6,14741640
07/20/2021,130,132,129.19,131.1,19083120
07/19/2021,131.16,131.25,128.54,129.25,25709320
07/16/2021,131.64,132.18,130.82,131.85,14861180
07/15/2021,132.5,132.6,130.6,131.27,16586320
07/14/2021,131.9,133,131.9,132.08,17918540
07/13/2021,130.88,132.04,130.64,130.99,16617960
07-12-2021,129.83,130.77,129.6,130.56,16950920
07-09-2021,128.94,129.85,128.94,129.57,15109320
07-08-2021,128.25,130.03,128.04,129.18,19779500
07-07-2021,130.34,130.64,129.76,130.08,16683720
07-06-2021,129.45,129.88,128.41,129.77,21350340
07-02-2021,126.84,128.85,126.77,128.72,21165120
07-01-2021,124.85,126.46,124.85,126.37,17124600
06/30/2021,125.65,125.8,124.76,125.32,24009560
06/29/2021,126.77,127,125.44,126.02,20949560
06/28/2021,127,127.34,125.97,126.82,28110860
06/25/2021,126.96,127.51,126.44,127,33485940
06/24/2021,127.05,127.54,126.96,127.28,18933240
06/23/2021,126.55,127.8,126.25,126.46,19693160
06/22/2021,126.45,127.27,126.03,127,20986200
06/21/2021,125.74,127.04,125.13,126.46,26256520
06/18/2021,125.71,126.39,124.6,125.57,53306200
06/17/2021,125.52,127.2,125.52,126.37,25755820
06/16/2021,126.25,126.52,124.15,125.7,26316760
06/15/2021,126.52,126.86,125.65,126.03,22182600
06/14/2021,125.67,126.41,125.05,126.35,22550440
06-11-2021,126.25,126.35,124.91,125.7,25246180
06-10-2021,124.7,126.16,124.7,126.08,31234660
06-09-2021,124.98,125.25,124.37,124.57,20126740
06-08-2021,124,124.72,123.41,124.14,25065060
06-07-2021,122.57,123.4,122.05,123.3,23849060
06-04-2021,121.13,122.69,120.89,122.59,25948680
06-03-2021,119.75,120.49,119.14,120.23,18345820
06-02-2021,121.77,122.1,120.21,121.06,17162100
06-01-2021,121.1,121.9,120.24,121.49,19165780
05/28/2021,121.1,121.41,120.38,120.58,24107640
05/27/2021,121.85,122,120.1,120.13,38962260
05/26/2021,120.64,122.15,120.63,121.68,21856380
05/25/2021,121,121.64,120.15,120.45,18838560
05/24/2021,118.35,120.92,118.01,120.33,21243780
05/21/2021,118.3,118.45,117.12,117.26,22832640
05/20/2021,116.4,118.02,116.05,117.8,23831860
05/19/2021,113.22,115.84,113.18,115.44,19350880
05/18/2021,116.85,117.16,115.16,115.17,17302380
05/17/2021,115.47,116.17,114.75,116.07,19835840
05/14/2021,114.59,116.06,114.17,115.81,26624960
05/13/2021,113.05,113.83,112.14,113.1,26670160
05-12-2021,113.09,114.27,111.5,111.95,34933280
05-11-2021,114.59,116.1,114.15,115.44,32110960
05-10-2021,118.74,118.9,116.74,117.08,26005420
05-07-2021,120,120.82,119.5,119.93,23277840
05-06-2021,117.53,119.14,117.12,119.07,20617180
05-05-2021,118.42,119.11,117.57,117.84,21805500
05-04-2021,118.49,118.96,115.59,117.71,35120300
05-03-2021,120.14,120.99,119.23,119.76,33787780
04/30/2021,120.22,121.36,120.11,120.51,39142600
04/29/2021,120.52,121.83,120.11,121.49,39553540
04/28/2021,120.36,122.62,118.74,119,59728780
04/27/2021,116.8,116.87,115.21,115.36,31971660
04/26/2021,116,117.06,115.69,116.34,20833000
04/23/2021,114.17,116.29,113.91,115.77,28703240
04/22/2021,114.66,115.19,112.82,113.4,21096160
04/21/2021,114.26,114.77,112.93,114.66,23934620
04/20/2021,115.39,115.48,113.59,114.68,21774980
04/19/2021,114.6,115.92,114.39,115.12,24688900
04/16/2021,115.15,115.32,114.22,114.89,22601800
04/15/2021,113.85,115.33,113.3,114.83,27472240
04/14/2021,113.76,113.9,112.46,112.74,20219340
04/13/2021,113.07,113.86,112.8,113.36,23316080
04-12-2021,113.31,113.77,111.92,112.74,31317020
04-09-2021,112.84,114.45,112.69,114.29,20887300
04-08-2021,113.9,114.2,112.88,113.27,27165180
04-07-2021,111.31,112.75,111.27,112.48,25797220
04-06-2021,111.13,111.88,110.74,111.24,27060720
04-05-2021,107.65,111.87,107.58,111.28,43297500
04-01-2021,104.9,107.15,104.84,106.89,33979560
03/31/2021,102.96,104.67,102.84,103.43,29198600
03/30/2021,102.88,103.54,102.2,102.78,20735480
03/29/2021,101.39,102.92,100.78,102.8,24595540
03/26/2021,101.94,102.55,100.7,101.78,29876000
03/25/2021,102.24,102.94,100.54,102.22,28378140
03/24/2021,103.27,103.91,102.08,102.25,23080580
03/23/2021,102.59,103.62,101.96,102.65,27339940
03/22/2021,102.09,102.9,101.3,101.93,39096320
03/19/2021,102.1,102.66,100.88,102.16,46297860
03/18/2021,103.05,103.78,101.68,101.81,27248600
03/17/2021,103.8,105.49,102.7,104.55,25980320
03/16/2021,103.95,106.18,103.5,104.63,29831280
03/15/2021,103.12,103.35,102.18,103.32,25966500
03-12-2021,104.25,104.51,102.38,103.1,34515880
03-11-2021,103.7,106.29,103.62,105.74,24781600
03-10-2021,103.59,103.75,101.67,102.75,25371840
03-09-2021,103.5,103.9,102.39,102.64,33946120
03-08-2021,105.06,106.44,101.08,101.21,32948580
03-05-2021,103.66,105.91,102.32,105.43,43904360
03-04-2021,101.17,104.46,101.01,102.45,42360120
03-03-2021,103.36,104.43,100.5,101.34,29683620
03-02-2021,103.81,105.22,103.56,103.79,22691900
03-01-2021,102.83,104.33,102.31,104.08,28102300
02/26/2021,102.53,103.55,100.8,101.84,41676020
02/25/2021,103.37,104.74,101.06,101.57,36568640
02/24/2021,102.09,105.04,101.91,104.76,24966980
02/23/2021,101.25,104.1,100.1,103.54,33347540
02/22/2021,103.35,104.57,103.11,103.24,27350660
02/19/2021,105.96,106.53,104.87,105.06,29152240
02/18/2021,105.52,106.64,105.19,105.86,22437100
02/17/2021,105,106.68,104.95,106.42,21418820
02/16/2021,105.22,107.63,105.22,106.1,22676760
02-12-2021,104.51,105.44,104.16,105.21,17117300
02-11-2021,104.98,105.1,103.87,104.79,18913000
02-10-2021,104.71,105.42,103.15,104.77,22709280
02-09-2021,103.93,105.26,103.93,104.18,17797000
02-08-2021,105.3,106.18,103.6,104.65,24848220
02-05-2021,103.5,105.13,102.97,104.9,30702700
02-04-2021,103.44,103.93,102.13,103.12,37046580
02-03-2021,103.65,105.83,100.92,103.5,82363400
02-02-2021,96.13,97.79,95.72,96.38,45474460
02-01-2021,92.68,96.12,92.55,95.07,32043640
01/29/2021,92.31,92.86,90.51,91.79,32251040
01/28/2021,92.2,94.94,92.13,93.16,35462760
01/27/2021,94.13,94.5,90.45,91.54,54965840
01/26/2021,94.44,96.25,94.21,95.86,26262780
01/25/2021,96.03,96.48,93.38,94.97,38546400
01/22/2021,94.78,95.55,94.09,95.05,25444640
01/21/2021,94.9,96.74,94.36,94.56,41278640
01/20/2021,91.57,95.19,91.28,94.35,49805160
01/19/2021,87.61,90.46,87.07,89.54,34692280
01/15/2021,86.91,87.8,86.08,86.81,26843400
01/14/2021,87.68,88.75,86.67,87.01,23589540
01/13/2021,86.93,88.25,86.9,87.72,21882620
01-12-2021,87.7,88.9,86.27,87.33,27153820
01-11-2021,89.3,89.72,88.03,88.34,24194700
01-08-2021,89.4,90.49,88.68,90.36,41020040
01-07-2021,87,89.42,86.85,89.36,45300440
01-06-2021,85.13,87.4,84.95,86.76,52042280
01-05-2021,86.25,87.38,85.9,87.05,22906940
01-04-2021,87.88,88.03,85.39,86.41,38037100
12/30/2022,87.37,88.83,87.03,88.73,19190301
12/29/2022,87.03,89.37,86.99,88.95,18280660
12/28/2022,87.5,88.52,86.37,86.46,17879570
12/27/2022,89.31,89.5,87.54,87.93,15470870
12/23/2022,87.62,90.1,87.62,89.81,17815010
12/22/2022,88.93,89.18,86.94,88.26,23656070
12/21/2022,89.73,90.92,88.91,90.25,20336391
12/20/2022,88.73,89.78,88.04,89.63,21976850
12/19/2022,90.88,91.2,88.93,89.15,23020539
12/16/2022,91.2,91.75,90.01,90.86,48485512
12/15/2022,93.54,94.03,90.43,91.2,28298760
12/14/2022,95.54,97.22,93.94,95.31,26452939
12/13/2022,98.07,99.8,95.38,95.85,34788520
12-12-2022,93.09,93.87,91.9,93.56,27380949
12-09-2022,93.9,94.49,93.02,93.07,21885311
12-08-2022,95.69,95.87,93.8,93.95,25593230
12-07-2022,96.77,97.31,95.03,95.15,26647881
12-06-2022,99.67,100.21,96.76,97.31,20877619
12-05-2022,99.82,101.75,99.36,99.87,19955551
12-02-2022,99.37,101.15,99.17,100.83,18821529
12-01-2022,101.4,102.59,100.67,101.28,21771539
11/30/2022,95.12,101.45,94.67,101.45,39888070
11/29/2022,96,96.39,94.39,95.44,20220010
11/28/2022,97.2,97.83,95.89,96.25,19981971
11/25/2022,98.47,98.94,97.53,97.6,8567819
11/23/2022,97.34,99.07,97.34,98.82,17568859
11/22/2022,96.16,97.55,94.41,97.33,18868850
11/21/2022,97.56,98.72,95.67,95.83,18696869
11/18/2022,99.01,99.16,96.74,97.8,24969881
11/17/2022,97.18,99.48,97.1,98.5,21818730
11/16/2022,98.02,99.85,97.9,98.99,24660199
11/15/2022,98.67,100.42,97.02,98.72,31830971
11/14/2022,95.5,97.18,95.11,96.03,24170080
11-11-2022,94.71,97.36,94.16,96.73,30569109
11-10-2022,92.34,94.55,91.65,94.17,42371219
11-09-2022,88.55,89.49,87.36,87.4,26743881
11-08-2022,89.16,90.41,87.65,88.91,30172000
11-07-2022,87.34,88.94,86.96,88.65,26899881
11-04-2022,85.51,86.73,83.88,86.7,40173281
11-03-2022,86.35,86.55,83.45,83.49,48510359
11-02-2022,90.91,91.3,87.01,87.07,43553551
11-01-2022,95.59,96.17,90.43,90.5,43220602
10/31/2022,95.78,96.35,94.38,94.66,29868711
10/28/2022,92.53,96.86,92.32,96.58,35696930
10/27/2022,94.31,95.17,91.9,92.6,54036488
10/26/2022,96.76,98.54,94.57,94.82,71671805
10/25/2022,103.3,105.1,103.02,104.93,29910170
10/24/2022,102.09,103.1,100.3,102.97,24680830
10/21/2022,98.46,101.62,98.23,101.48,28988730
10/20/2022,100.82,103,99.97,100.53,25125080
10/19/2022,100.7,101.66,99.64,100.29,21573689
10/18/2022,103.94,104.22,100.65,101.39,21610539
10/17/2022,99.52,101.77,99.51,100.78,23311600
10/14/2022,100.63,101.29,97.03,97.18,22624830
10/13/2022,95.93,100.53,95.27,99.71,32812219
10-12-2022,98.27,99.65,97.67,98.3,17343430
10-11-2022,98.25,100.12,97.25,98.05,21617730
10-10-2022,99.85,99.99,97.87,98.71,16529900
10-07-2022,100.65,101.42,99.21,99.57,24249910
10-06-2022,101.5,103.73,101.5,102.24,17156240
10-05-2022,100.69,102.74,99.74,102.22,18475520
10-04-2022,101.04,102.72,101.04,102.41,22580930
10-03-2022,97.22,99.97,97.02,99.3,24840029
09/30/2022,97.73,99.49,96.03,96.15,26277830
09/29/2022,99.3,99.3,96.52,98.09,21921520
09/28/2022,98.02,101.4,97.8,100.74,24617000
09/27/2022,99.91,100.46,97.34,98.09,24224990
09/26/2022,98.61,100.44,98.38,98.81,22437939
09/23/2022,100.06,100.11,98.01,99.17,25656961
09/22/2022,99.45,101.68,99.41,100.57,21272680
09/21/2022,102.24,103.49,99.99,100.01,26596760
09/20/2022,102.88,103.17,101.12,101.83,24001670
09/19/2022,102.54,104.02,102.37,103.85,19738600
09/16/2022,102.97,104.03,101.86,103.63,64540121
09/15/2022,105.01,106.21,103.31,103.9,26494930
09/14/2022,105.44,106.1,104.5,105.87,22115811
09/13/2022,108.89,109.37,105,105.31,33014988
09-12-2022,111.99,112.64,110.93,111.87,19732910
09-09-2022,110.05,112,110,111.78,21745029
09-08-2022,109.18,110.58,108.06,109.42,21660650
09-07-2022,107.76,110.99,107.62,110.48,22987180
09-06-2022,108.14,108.88,106.51,107.48,20565051
09-02-2022,111.34,111.68,108.13,108.68,20618080
09-01-2022,109.2,111.22,108.19,110.55,22784391
08/31/2022,111.63,111.77,109.05,109.15,25897980
08/30/2022,111.03,111.37,108.8,109.91,20548199
08/29/2022,110.78,111.96,109.81,110.34,20386141
08/26/2022,115.81,116.6,111.22,111.3,31698670
08/25/2022,115.15,117.78,115.05,117.7,14874670
08/24/2022,114.45,115.72,113.78,114.7,16051170
08/23/2022,114.32,115.93,114.3,114.77,14390690
08/22/2022,116.1,116.5,114.67,115.07,19316020
08/19/2022,119.87,120,117.67,118.12,20186980
08/18/2022,120.23,121.69,119.55,120.86,15652030
08/17/2022,120.93,122.15,120.2,120.32,17589160
08/16/2022,122.32,123.23,121.54,122.51,15626170
08/15/2022,122.21,123.26,121.57,122.88,15524950
08-12-2022,121.16,122.65,120.4,122.65,16121090
08-11-2022,122.08,122.34,119.55,119.82,16671631
08-10-2022,119.59,121.78,119.36,120.65,20497020
08-09-2022,117.99,118.2,116.56,117.5,15424260
08-08-2022,119.12,120.86,117.83,118.14,17061109
08-05-2022,116.93,118.86,116.71,118.22,15615660
08-04-2022,118.3,119.5,117.71,118.87,15757700
08-03-2022,116.34,119.42,116.15,118.78,25302820
08-02-2022,114.43,117.08,114.26,115.9,17911039
08-01-2022,115.53,117.12,114.69,115.48,22856199
07/29/2022,113.4,116.9,113.23,116.64,31336180
07/28/2022,112.8,114.7,111.85,114.59,23303840
07/27/2022,109.6,114.4,108.42,113.6,41474621
07/26/2022,107.43,107.74,104.76,105.44,36626633
07/25/2022,108.88,110.58,107.01,108.21,28289939
07/22/2022,111.81,113.18,107.6,108.36,44455301
07/21/2022,115.09,115.21,111.91,115.04,27267850
07/20/2022,114.06,116.33,113.26,114.7,26780090
07/19/2022,111.73,114.81,110.5,114.62,30992330
07/18/2022,113.44,114.8,109.3,109.91,33353988
07/15/2022,112.96,114,111.82,112.77,34330760
07/14/2022,110.83,111.99,109.33,111.44,32365540
07/13/2022,112.64,115.16,111.82,112.19,38958860
07-12-2022,116.84,117.85,114.62,114.85,24970160
07-11-2022,118.65,118.79,116.23,116.52,26830460
07-08-2022,117.55,120.44,117.51,120.17,29082200
07-07-2022,116.01,119.86,115.53,119.31,32183940
07-06-2022,114.09,116.35,112.25,115.21,28852680
07-05-2022,107.51,114.05,106.25,113.89,36429380
07-01-2022,108.34,109.81,107.11,109.08,31027880
06/30/2022,110.5,111.33,107.31,109.37,38046040
06/29/2022,112.15,113.66,111.55,112.26,18627860
06/28/2022,116.35,117.86,112.44,112.57,28316220
06/27/2022,118.94,119.25,116,116.62,32839300
06/24/2022,113.6,118.64,113.6,118.54,39122760
06/23/2022,112.95,113.2,111.03,112.68,24709720
06/22/2022,111.16,113.77,110.72,112.03,23921720
06/21/2022,109.7,112.67,109.29,112.02,39010280
06/17/2022,106.54,109.25,105.63,107.87,43516660
06/16/2022,108.15,109.29,105.79,106.64,35313240
06/15/2022,108.9,112.06,108.12,110.39,33192020
06/14/2022,106.89,108.46,106.35,107.19,25480940
06/13/2022,107.45,109.22,106.59,106.88,36756200
06-10-2022,112.78,113.5,110.86,111.43,31349740
06-09-2022,116.34,118.35,114.87,114.92,23141600
06-08-2022,116.88,118.65,116.7,117.24,22544260
06-07-2022,115.65,117.75,115.13,117.23,26413540
06-06-2022,116.74,119.4,116.53,117.01,23786720
06-03-2022,115.99,116.36,113.67,114.56,24952080
06-02-2022,114.19,117.9,113.31,117.75,27495400
06-01-2022,114.93,117.4,113.55,114.14,28629280
05/31/2022,113.08,116.43,112.57,114.04,51301920
05/27/2022,109.79,112.87,109.55,112.8,29924420
05/26/2022,106.05,108.96,105.49,108.3,30287480
05/25/2022,105.14,106.54,104.21,105.84,37899340
05/24/2022,106.38,106.4,102.21,105.93,60386380
05/23/2022,110.1,112.01,109.15,111.67,31558220
05/20/2022,112.09,112.55,106.37,109.31,37586020
05/19/2022,111.84,113.59,110.47,110.75,29191740
05/18/2022,115.24,115.7,112.14,112.4,27982760
05/17/2022,117.23,117.23,115.34,116.7,21576080
05/16/2022,115.38,116.61,114.34,114.79,23282380
05/13/2022,114.85,118.09,114,116.52,29737560
05-12-2022,111.94,114.86,110.11,113.16,41464880
05-11-2022,113.71,116.67,113.65,113.96,36501640
05-10-2022,116.04,116.69,113.38,114.58,31157780
05-09-2022,113.3,115.56,112.55,113.08,34520960
05-06-2022,115.52,117.5,114.14,115.66,35309480
05-05-2022,120.22,121.23,115.18,116.75,43089040
05-04-2022,118,123.14,115.74,122.58,33231460
05-03-2022,116.77,119.3,116.63,118.13,21215740
05-02-2022,113.91,117.34,113.4,117.16,30279640
04/29/2022,117.58,118.96,114.69,114.97,33693100
04/28/2022,117.12,120.44,115.14,119.41,36790940
04/27/2022,114.37,117.5,113.12,115.02,62238120
04/26/2022,122.75,122.75,119.16,119.51,49393040
04/25/2022,119.43,123.28,118.77,123.25,34521800
04/22/2022,125,125.45,119.14,119.61,46410300
04/21/2022,129.35,130.31,124.65,124.94,30157540
04/20/2022,131.28,131.92,127.89,128.25,22609380
04/19/2022,128.08,130.9,127.45,130.53,22719300
04/18/2022,127.41,128.71,126.58,127.96,14917200
04/14/2022,130.65,130.71,127.11,127.25,23483360
04/13/2022,128.63,130.66,128.44,130.29,19542960
04-12-2022,132.42,132.42,127.58,128.37,23003220
04-11-2022,132.9,132.94,129.62,129.8,24187340
04-08-2022,136.25,136.25,133.75,134.01,16434480
04-07-2022,136.62,137.7,134.86,136.47,19448540
04-06-2022,139.16,139.85,136.42,137.18,23574600
04-05-2022,143.4,143.59,140.94,141.06,19255560
04-04-2022,140.82,144.04,140.82,143.64,19084900
04-01-2022,140.01,140.95,138.8,140.7,23480020
03/31/2022,142.45,142.64,139.62,139.65,29516320
03/30/2022,142.87,143.48,142.17,142.64,21046380
03/29/2022,143.16,144.16,142.48,143.25,28678420
03/28/2022,140.68,141.98,139.83,141.95,23773080
03/25/2022,141.75,141.96,139.7,141.52,19289080
03/24/2022,139.27,141.4,138.04,141.31,20544720
03/23/2022,139.14,140.03,138.17,138.5,25302320
03/22/2022,136.5,141.5,136.5,140.28,29776860
03/21/2022,136.85,137.58,134.61,136.48,26632460
03/18/2022,133.88,136.91,132.93,136.8,45899700
03/17/2022,133.32,134.74,132.72,134.6,23994380
03/16/2022,131,133.77,129.2,133.69,32058200
03/15/2022,127.74,130.52,126.57,129.66,30292600
03/14/2022,130.57,131.03,126.41,126.74,30253860
03-11-2022,134,134.2,130.3,130.48,26599800
03-10-2022,131.46,133.54,131.4,132.68,24265200
03-09-2022,131.4,134.2,130.09,133.87,32257440
03-08-2022,126.25,131.25,125.86,127.28,35249560
03-07-2022,131.9,131.9,126.41,126.46,39177900
03-04-2022,133.38,134.2,130.41,132.12,24472240
03-03-2022,135.98,136.71,133.43,134.31,19779300
03-02-2022,134.61,135.62,133.43,134.75,23966740
03-01-2022,134.48,136.11,133.38,134.17,24639920
02/28/2022,133.28,135.64,132.83,134.89,29675680
02/25/2022,133.53,135.39,131.77,134.52,26235860
02/24/2022,125,133.04,124.76,132.67,43165080
02/23/2022,131.08,131.75,127.5,127.59,26431280
02/22/2022,129.99,131.9,127.74,129.4,38906580
02/18/2022,133.04,133.82,130.31,130.47,31858600
02/17/2022,136.15,136.84,132.2,132.31,30968120
02/16/2022,136.43,137.95,134.82,137.49,25609660
02/15/2022,137.47,137.9,135.54,136.43,26577560
02/14/2022,133.37,136.17,133.3,135.3,26792800
02-11-2022,138.75,139.28,133.29,134.13,38808800
02-10-2022,139.5,141.43,138.05,138.6,33017700
02-09-2022,140.85,142.18,140.38,141.45,28627160
02-08-2022,138.99,139.84,136.87,139.21,34255040
02-07-2022,143.71,143.85,138.7,138.94,44610740
02-04-2022,143.02,144.54,139.82,143.02,49224400
02-03-2022,145.3,149.12,142.21,142.65,56930140
02-02-2022,151.86,152.1,145.56,148.04,89750760
02-01-2022,137.84,138.2,134.57,137.88,51203200
01/31/2022,134.2,135.84,132.27,135.7,34055560
01/28/2022,130,133.37,128.69,133.29,30517560
01/27/2022,131.36,132.61,128.95,129.12,30285020
01/26/2022,130.59,132.81,127.15,129.24,39630880
01/25/2022,128.44,129.34,126.38,126.74,36008600
01/24/2022,126.03,130.78,124.64,130.37,55292040
01/21/2022,133.01,134.76,130,130.09,41919220
01/20/2022,136.51,137.91,133.14,133.51,21930560
01/19/2022,136.94,138.4,135.5,135.65,20795280
01/18/2022,136.6,137.39,135.62,136.29,27401960
01/14/2022,137.5,141.2,137.5,139.79,23825920
01/13/2022,141.84,143.19,138.91,139.13,26565080
01-12-2022,141.55,142.81,141.11,141.65,23641580
01-11-2022,138.18,140.33,136.81,140.02,23501240
01-10-2022,135.1,138.64,133.14,138.57,34095680
01-07-2022,137.91,138.25,135.79,137,19408240
01-06-2022,137.5,139.69,136.76,137.55,29049040
01-05-2022,144.18,144.3,137.52,137.65,49641520
01-04-2022,145.55,146.61,143.82,144.42,22927780
01-03-2022,144.48,145.55,143.5,145.07,25224500
12/29/2023,140.68,141.44,139.9,140.93,14880960
12/28/2023,141.85,142.27,140.83,141.28,12192550
12/27/2023,142.83,143.32,141.05,141.44,17288359
12/26/2023,142.98,143.95,142.5,142.82,11170070
12/22/2023,142.13,143.25,142.06,142.72,18513520
12/21/2023,140.77,142.03,140.47,141.8,18101480
12/20/2023,140.33,143.08,139.41,139.66,33507340
12/19/2023,138,138.77,137.45,138.1,20661000
12/18/2023,133.86,138.38,133.77,137.19,25699770
12/15/2023,132.92,134.83,132.63,133.84,58594000
12/14/2023,134.77,135.04,131.06,133.2,29619100
12/13/2023,134.55,134.78,132.95,133.97,25414461
12-12-2023,133.27,134.54,132.83,133.64,26583980
12-11-2023,133.82,134.79,132.89,134.7,24502859
12-08-2023,135.66,137.99,135.57,136.64,23016141
12-07-2023,136.6,140,136.23,138.45,38419434
12-06-2023,132.9,133.31,131.31,131.43,16360650
12-05-2023,130.37,133.54,129.73,132.39,19235150
12-04-2023,131.29,131.45,129.4,130.63,24117080
12-01-2023,133.32,133.5,132.15,133.32,24267990
11/30/2023,136.4,136.96,132.79,133.92,29913529
11/29/2023,138.99,139.67,136.3,136.4,21014721
11/28/2023,137.63,138.66,137.04,138.62,17046869
11/27/2023,137.57,139.63,137.54,138.05,17886391
11/24/2023,139.54,139.68,137.47,138.22,8828640
11/22/2023,139.1,141.1,139,140.02,17310211
11/21/2023,137.94,138.97,137.71,138.62,17648070
11/20/2023,135.5,138.43,135.49,137.92,19589010
11/17/2023,137.82,138,135.48,136.94,25590189
11/16/2023,136.96,138.88,136.08,138.7,17615070
11/15/2023,136.64,136.84,135.33,136.38,15840880
11/14/2023,135.65,137.24,135.1,135.43,22317350
11/13/2023,133.36,134.11,132.77,133.64,16409859
11-10-2023,131.53,134.27,130.87,134.06,20879840
11-09-2023,133.36,133.96,131.51,131.69,17976529
11-08-2023,132.36,133.54,132.16,133.26,15093600
11-07-2023,131.98,133.28,131.14,132.4,19223789
11-06-2023,130.22,131.56,129.93,131.45,15360360
11-03-2023,129.09,130.73,129.01,130.37,19529449
11-02-2023,129.56,130.09,128.11,128.58,24091670
11-01-2023,125.34,127.74,124.93,127.57,26536600
10/31/2023,126.27,126.56,123.93,125.3,21123420
10/30/2023,124.46,126.55,123.88,125.75,24165631
10/27/2023,124.03,124.44,121.46,123.4,37367672
10/26/2023,124.47,125.46,122.32,123.44,33907359
10/25/2023,129.77,130.1,126.09,126.67,58796070
10/24/2023,139.16,140.71,138.75,140.12,26535199
10/23/2023,136.23,139.02,135.11,137.9,20780670
10/20/2023,138.59,139.04,136.25,136.74,24970260
10/19/2023,139.8,141.01,138.6,138.98,21831180
10/18/2023,140.75,141.99,138.71,139.28,18304869
10/17/2023,140.03,141.25,138.53,140.99,17424020
10/16/2023,139.73,140.91,139.32,140.49,17345561
10/13/2023,140.65,141.34,137.97,138.58,19447570
10-12-2023,142.16,142.38,139.45,140.29,18173109
10-11-2023,139.85,142.22,139.84,141.7,20146340
10-10-2023,139.51,140.74,138.43,139.2,19554920
10-09-2023,137.99,139.97,136.7,139.5,16599100
10-06-2023,134.94,139.19,134.94,138.73,20826680
10-05-2023,136.13,136.5,134.46,135.99,15922940
10-04-2023,133.66,136.57,133.43,136.27,22847990
10-03-2023,134.93,135.24,132.82,133.3,19628740
10-02-2023,132.16,135.36,132.07,135.17,19210391
09/29/2023,134.08,134.89,131.32,131.85,23237340
09/28/2023,130.69,134.18,130.69,133.13,18201391
09/27/2023,129.44,131.72,129.38,131.46,18764199
09/26/2023,130.91,131.41,128.19,129.45,20378789
09/25/2023,130.77,132.22,130.03,132.17,14650030
09/22/2023,131.68,133.01,130.51,131.25,17355279
09/21/2023,132.39,133.19,131.09,131.36,22058381
09/20/2023,138.83,138.84,134.52,134.59,21473529
09/19/2023,138.25,139.18,137.5,138.83,15484640
09/18/2023,137.63,139.93,137.63,138.96,16233590
09/15/2023,138.8,139.36,137.18,138.3,48958840
09/14/2023,138.39,139.55,137.06,138.99,19064609
09/13/2023,135.9,137.7,134.93,137.5,16394920
09-12-2023,137.13,137.64,135.93,136.07,15212930
09-11-2023,137.38,138.26,136.55,137.74,17180760
09-08-2023,135.87,137.52,135.87,137.2,17820010
09-07-2023,134.6,136.58,133.96,136.2,16975961
09-06-2023,137.02,137.48,134.69,135.37,15814330
09-05-2023,136.44,137.37,135.56,136.71,17730221
09-01-2023,138.43,138.58,135.94,136.8,16671650
08/31/2023,137.05,138.4,136.82,137.35,28147850
08/30/2023,135.57,137.25,135.02,136.93,21773359
08/29/2023,133,137.3,132.98,135.49,30803270
08/28/2023,132.08,133.24,130.85,131.79,16715471
08/25/2023,130.14,131.4,128.04,130.69,20678100
08/24/2023,134.73,134.97,130.3,130.42,18680381
08/23/2023,130.85,134.07,130.51,133.21,26497029
08/22/2023,129.13,130.95,128.93,129.69,15569370
08/21/2023,127.85,129.26,127.16,128.93,21851070
08/18/2023,129.06,129.83,127,128.11,23627199
08/17/2023,130.45,132.49,129.85,130.46,23665561
08/16/2023,129.28,130.9,128.46,129.11,17548359
08/15/2023,131.59,131.99,129.82,130.27,14769170
08/14/2023,129.85,131.91,129.59,131.83,17526199
08-11-2023,129.2,130.44,128.75,130.17,15205470
08-10-2023,131.97,132.65,130.04,130.21,17855680
08-09-2023,132.19,132.47,129.51,130.15,17745221
08-08-2023,130.98,131.94,130.13,131.84,16835949
08-07-2023,129.51,132.06,129.43,131.94,17621039
08-04-2023,129.6,131.93,128.32,128.54,20521850
08-03-2023,128.37,129.77,127.78,128.77,15086130
08-02-2023,129.84,130.42,127.85,128.64,22705779
08-01-2023,130.86,132.92,130.75,131.89,22219010
07/31/2023,133.01,133.83,132.13,133.11,18381891
07/28/2023,130.97,134.07,130.92,133.01,26971010
07/27/2023,131.8,133.6,129.18,129.87,35931609
07/26/2023,130.36,131.37,128.71,129.66,46216898
07/25/2023,121.88,123.69,121.53,122.79,31820850
07/24/2023,121.93,123.35,121.38,121.88,22312221
07/21/2023,120.87,121.3,119.07,120.31,56514648
07/20/2023,122.12,124.7,118.69,119.53,27541711
07/19/2023,124.79,125.47,122.47,122.78,22313801
07/18/2023,124.91,124.99,123.3,124.08,21071250
07/17/2023,126.06,127.28,124.5,125.06,20675301
07/14/2023,125.13,127.09,124.9,125.7,20499779
07/13/2023,121.54,125.34,121.06,124.83,31535850
07-12-2023,119.3,120.96,119,119.62,22059609
07-11-2023,116.76,118.23,115.83,117.71,18286570
07-10-2023,119.07,119.07,116.64,116.87,32960078
07-07-2023,120.89,121.75,120.09,120.14,20997670
07-06-2023,120.64,121.15,119.25,120.93,17750180
07-05-2023,120.06,123.37,120.06,122.63,17830350
07-03-2023,120.32,121.02,119.71,120.56,13871720
06/30/2023,121.1,122.03,120.88,120.97,23871760
06/29/2023,120.09,120.91,119.21,120.01,18517461
06/28/2023,117.96,121.27,117.6,121.08,19753150
06/27/2023,117.84,119.9,116.91,119.01,27221711
06/26/2023,121.47,122.72,118.99,119.09,23184961
06/23/2023,122.04,123.44,121.86,123.02,29573119
06/22/2023,120.66,123.94,119.6,123.87,20781891
06/21/2023,123.24,123.41,120.86,121.26,22612000
06/20/2023,123.54,125.18,122.83,123.85,22698029
06/16/2023,126.7,126.7,123.79,124.06,56699199
06/15/2023,123.88,126.16,123.14,125.79,24517070
06/14/2023,123.8,124.79,122.16,124.38,24659619
06/13/2023,125.65,125.86,123.85,124.43,19287650
06-12-2023,123.4,124.75,122.35,124.35,22289631
06-09-2023,122.56,124.29,122.42,122.87,20313680
06-08-2023,122.59,123.73,122.01,122.67,24815000
06-07-2023,127.58,129.55,122.63,122.94,34179352
06-06-2023,126.6,128.88,125.97,127.91,19450131
06-05-2023,124.61,127.99,124.38,126.63,22672520
06-02-2023,124.49,126.75,124.35,125.23,19367449
06-01-2023,123.5,125.04,123.3,124.37,25017670
05/31/2023,123.7,124.9,123.1,123.37,41548762
05/30/2023,126.29,126.38,122.89,124.64,27230730
05/26/2023,124.07,126,123.29,125.43,25169039
05/25/2023,125.21,125.98,122.9,124.35,33812727
05/24/2023,121.88,122.75,120.75,121.64,23087930
05/23/2023,124.93,125.42,123.05,123.29,24477949
05/22/2023,123.51,127.05,123.45,125.87,29760240
05/19/2023,124.2,126.48,122.72,123.25,30268859
05/18/2023,121.56,123.9,121.49,123.52,27014471
05/17/2023,120.18,122.28,119.46,121.48,26659561
05/16/2023,116.83,121.2,116.83,120.09,32370109
05/15/2023,116.49,118.8,116.48,116.96,22107869
05-12-2023,117,118.26,116.55,117.92,31293779
05-11-2023,115.86,118.44,114.93,116.9,57115078
05-10-2023,108.55,113.51,108.48,112.28,47533461
05-09-2023,108.78,110.6,107.73,107.94,24782439
05-08-2023,105.8,108.42,105.79,108.24,17266020
05-05-2023,105.32,106.44,104.74,106.22,20710631
05-04-2023,106.16,106.3,104.7,105.21,19780641
05-03-2023,106.22,108.13,105.62,106.12,17116330
05-02-2023,107.66,107.73,104.5,105.98,20343119
05-01-2023,107.72,108.68,107.5,107.71,20926260
04/28/2023,107.8,108.29,106.04,108.22,23957869
04/27/2023,105.23,109.15,104.42,108.37,38235219
04/26/2023,105.56,107.02,103.27,104.45,37068168
04/25/2023,106.61,107.44,104.56,104.61,31408119
04/24/2023,106.05,107.32,105.36,106.78,21410910
04/21/2023,106.09,106.64,105.49,105.91,22379020
04/20/2023,104.65,106.89,104.64,105.9,22515330
04/19/2023,104.22,105.73,103.8,105.02,16732020
04/18/2023,107,107.05,104.78,105.12,17641369
04/17/2023,105.43,106.71,105.32,106.42,29043439
04/14/2023,107.69,109.58,107.59,109.46,20758689
04/13/2023,106.47,108.27,106.44,108.19,21650750
04-12-2023,107.39,107.59,104.97,105.22,22761570
04-11-2023,106.92,107.22,105.28,106.12,18721279
04-10-2023,107.39,107.97,105.6,106.95,19741520
04-06-2023,105.77,109.63,104.82,108.9,34684152
04-05-2023,106.12,106.54,104.1,104.95,21864199
04-04-2023,104.84,106.1,104.6,105.12,20377230
04-03-2023,102.67,104.95,102.38,104.91,20719859
03/31/2023,101.71,104.19,101.44,104,28107949
03/30/2023,101.44,101.61,100.29,101.32,25009830
03/29/2023,102.72,102.82,101.03,101.9,26148301
03/28/2023,103,103,100.28,101.36,24913480
03/27/2023,105.32,105.4,102.63,103.06,25393420
03/24/2023,105.74,106.16,104.74,106.06,25245010
03/23/2023,105.89,107.1,105.41,106.26,31385820
03/22/2023,105.14,107.51,104.21,104.22,32336881
03/21/2023,101.98,105.96,101.86,105.84,33122801
03/20/2023,101.06,102.58,100.79,101.93,26033920
03/17/2023,100.84,103.49,100.75,102.46,76140312
03/16/2023,96.57,101.97,95.87,101.07,54588199
03/15/2023,93.54,97.25,93.04,96.55,38367328
03/14/2023,93.07,94.83,92.78,94.25,32303881
03/13/2023,90.57,93.08,89.94,91.66,31508570
03-10-2023,92.5,93.18,90.8,91.01,32850090
03-09-2023,94.49,95.92,92.36,92.66,24438891
03-08-2023,94.41,96.24,94.41,94.65,25395199
03-07-2023,95.42,96.09,93.84,94.17,24101539
03-06-2023,94.36,96.3,94.3,95.58,28288211
03-03-2023,92.74,94.11,92.66,94.02,30242539
03-02-2023,89.86,92.48,89.77,92.31,23344561
03-01-2023,90.16,91.2,89.85,90.51,26323881
02/28/2023,89.54,91.45,89.52,90.3,30546910
02/27/2023,90.09,90.45,89.61,90.1,22724260
02/24/2023,89.63,90.13,88.86,89.35,31295619
02/23/2023,92.13,92.13,90.01,91.07,32423721
02/22/2023,91.93,92.36,90.87,91.8,29891141
02/21/2023,93.24,93.41,92,92.05,28367199
02/17/2023,95.07,95.75,93.45,94.59,31095070
02/16/2023,95.54,97.88,94.97,95.78,35642113
02/15/2023,94.74,97.34,94.36,97.1,37029887
02/14/2023,94.66,95.18,92.65,94.95,42513078
02/13/2023,95.01,95.35,94.05,95,43116559
02-10-2023,95.74,97.02,94.53,94.86,49325281
02-09-2023,100.54,100.61,93.86,95.46,97798570
02-08-2023,102.69,103.58,98.46,100,73546031
02-07-2023,103.63,108.67,103.55,108.04,33738832
02-06-2023,102.69,104.7,102.21,103.47,25573051
02-03-2023,103.51,108.02,103.3,105.22,36823422
02-02-2023,106.79,108.82,106.54,108.8,46622633
02-01-2023,99.74,102.19,98.42,101.43,26392570
01/31/2023,97.86,99.91,97.79,99.87,22306779
01/30/2023,98.75,99.41,97.52,97.95,24365141
01/27/2023,99.05,101.58,98.97,100.71,29020350
01/26/2023,98.28,99.21,96.82,99.16,24542061
01/25/2023,97.2,97.72,95.26,96.73,31000850
01/24/2023,99.55,101.09,98.7,99.21,27391369
01/23/2023,99.13,101.4,98.75,101.21,31791779
01/20/2023,95.95,99.42,95.91,99.28,53704762
01/19/2023,91.39,94.4,91.38,93.91,28707650
01/18/2023,92.94,93.59,91.4,91.78,19641619
01/17/2023,92.78,92.97,90.84,92.16,22935820
01/13/2023,91.53,92.98,90.93,92.8,18630711
01-12-2023,92.4,92.62,90.57,91.91,22754221
01-11-2023,90.06,92.45,89.74,92.26,25998840
01-10-2023,86.72,89.48,86.7,89.24,22855590
01-09-2023,89.2,90.83,88.58,88.8,22996680
01-06-2023,87.36,88.47,85.57,88.16,26612631
01-05-2023,88.07,88.21,86.56,86.77,23136080
01-04-2023,91.01,91.24,87.8,88.71,27046480
01-03-2023,89.83,91.55,89.02,89.7,20738461
